DOR CODE,Name,Rating Agency,1986,1987,1988,1989,1990,1991,1992,1993,1994,1995,1996,1997,1998,1999,2000,2001,2002,2003,2004,2005,2006,2007,2008,2009,2010,2011,2012,2013,2014,2015,2017,2019,2020,2021,2023
1,Abington,Moodys,A,A,A,A,A,A,A,A,A,A,A,A,A2,A2,A2,A2,A3,A3,A3,A3,A3,A3,A3,A3,A1,A1,A1,A1,A1,A1,,,,,
2,Acton,Moodys,AA,AA,AA,AA,AA,AA,AA,Aa,Aa,AA,AA,Aa,Aa2,Aa2,Aa2,Aa2,Aa2,Aa1,Aa1,Aa1,Aa1,Aa1,Aa1,Aa1,Aaa,Aaa,Aaa,Aaa,Aaa,Aaa,Aaa,Aaa,Aaa,Aa1,Aa1
3,Acushnet,Moodys,A,A,A,,,,,,,,,A3,A3,A3,A3,A3,A3,A3,A2,A2,A2,A2,A2,A2,Aa3,Aa3,Aa3,Aa3,Aa3,,,,,,
4,Adams,Moodys,A,A,A,A,A,A,A,,,,,,,,,,,,,,,,,,,,,,,,,,,,
5,Agawam,Moodys,A,A,A,A,A,A,A,A,A,A,A,A2,A1,A1,A1,A1,Aa3,Aa3,Aa3,Aa3,Aa3,Aa3,Aa3,Aa3,Aa2,Aa2,Aa2,Aa2,Aa2,Aa2,Aa2,Aa2,Aa2,Aa2,Aa2
7,Amesbury,Moodys,A,A,A,BAA1,BAA1,BAA1,BAA1,Ba,Ba,Ba,Baa,Baa2,Baa2,A3,A3,A3,A3,A3,A3,A3,A3,,,A3,,,,,,,,,,,
8,Amherst,Moodys,AA,AA,AA,AA,AA,AA,AA,Aa,Aa,Aa,AA,Aa,Aa3,Aa3,Aa3,Aa3,Aa3,Aa3,Aa3,Aa3,Aa3,Aa3,Aa3,Aa3,Aa2,Aa2,Aa2,Aa2,Aa2,Aa2,,,,,
9,Andover,Moodys,AA,AA,AA,AA,AA,AA,AA,Aa,Aa,Aa,Aa1,Aa1,Aa1,Aa1,Aa1,Aaa,Aaa,Aaa,Aaa,Aaa,Aaa,Aa1,Aaa,Aa1,Aa1,Aa1,Aa1,Aa1,Aa1,Aa1,Aa1,Aa1,Aa1,Aa1,Aa1
10,Arlington,Moodys,AA,AA,AA,AA,AA,AA,AA,Aa,Aa,Aa,AA,Aa,Aa2,Aa2,Aa2,Aa2,Aa2,Aa2,Aa2,Aa2,Aa2,Aa2,Aa2,Aa2,Aa1,Aa1,Aa1,Aa1,Aa1,Aa1,Aa1,,,,
14,Ashland,Moodys,A,A,A1,A1,A,A,A,A,A,A,A,A,A2,A2,A1,A1,A1,A1,A1,A1,A1,A1,A1,A1,Aa2,Aa2,Aa2,Aa2,Aa2,Aa2,Aa2,Aa2,,,
15,Athol,Moodys,A,A,A,A,A,A,,,,,,A,A3,A3,A3,A3,A3,A3,A3,A3,A3,A3,A3,A3,A1,A1,A1,A1,A1,A1,A1,A1,A1,A1,A1
16,Attleboro,Moodys,A,A,A,A,A,A,A,Baa1,Baa1,Baa1,A,A3,A3,A3,A3,A3,A3,A3,A3,A3,A3,A3,A3,A3,A1,A1,A1,A1,A1,A1,A1,A1,A1,,
17,Auburn,Moodys,A,A,A,A,A,A,A,A,A,A,A,A,A1,A1,A1,A1,A1,A1,A1,A2,A2,A2,A2,A2,Aa3,Aa3,Aa3,Aa3,Aa3,Aa2,Aa2,Aa2,Aa2,Aa2,Aa2
18,Avon,Moodys,A1,A1,A1,A1,A1,A1,A1,A1,A1,A1,A1,A1,A1,A1,A1,A1,A1,A1,A1,,A2,A2,A2,A2,Aa3,Aa3,Aa3,Aa3,Aa3,Aa3,Aa3,Aa2,Aa2,Aa2,Aa2
20,Barnstable,Moodys,AA,AA,AA,AA,AA,AA,AA,Aa,Aa,Aa,Aa,Aa3,Aa3,Aa3,Aa3,Aa3,Aa3,Aa3,Aa3,Aa3,Aa3,Aa1,Aa1,Aa1,,,,,,,,,,,
23,Bedford,Moodys,AA,AA,AA,AA,AA,AA,AA,Aa,Aa,Aa,Aa,Aa3,Aa2,Aa2,Aa2,Aa2,Aa1,Aa1,Aa1,Aa1,Aa1,Aa1,Aa1,Aa1,Aaa,Aaa,Aa1,Aa1,Aa1,Aa1,,,,,
25,Bellingham,Moodys,A,A,A,A,A,A,A,A,A,A,A,A,A2,A2,A2,A2,Aa3,Aa3,Aa3,Aa3,Aa3,Aa3,Aa3,Aa3,Aa2,Aa2,Aa2,Aa2,Aa2,Aa2,Aa2,Aa3,Aa3,Aa3,Aa3
26,Belmont,Moodys,AAA,AAA,AAA,AAA,AAA,AAA,AAA,AAA,AAA,AAA,AAA,Aaa,Aaa,Aaa,Aaa,Aaa,Aaa,Aaa,Aaa,,Aaa,Aaa,Aaa,Aaa,Aaa,Aaa,Aaa,Aaa,Aaa,Aaa,Aaa,Aaa,Aaa,Aaa,Aaa
30,Beverly,Moodys,A,A,A,A,A,A,A,Ba,Ba,Ba,Baa1,Baa1,Baa1,Baa1,A3,A3,A2,A2,A2,A2,A2,A1,A1,A1,Aa2,Aa2,Aa2,Aa2,Aa2,Aa2,Aa2,Aa2,Aa2,Aa2,Aa2
31,Billerica,Moodys,A,A1,A1,A1,A1,A1,A,A,A,A,A,A,A2,A2,A2,A2,Aa3,Aa3,Aa3,Aa3,Aa3,Aa3,Aa3,Aa3,Aa2,Aa2,Aa2,Aa2,Aa2,Aa2,Aa2,Aa2,Aa2,Aa2,Aa2
32,Blackstone,Moodys,BAA,BAA1,BAA1,BAA1,BAA1,BAA1,,,,,,,,,,,,,,,,,,,,,,,,,,,,,
35,Boston,Moodys,BAA,BAA,A,A,A,A,A,A,A,A,A,A1,Aa3,Aa3,Aa3,Aa3,Aa2,Aa2,Aa2,Aa1,Aa1,Aa1,Aa1,Aa1,Aaa,Aaa,Aaa,Aaa,Aaa,Aaa,Aaa,Aaa,Aaa,Aaa,Aaa
36,Bourne,Moodys,A,A,A,A,A,BAA1,BAA1,Baa1,Baa,Baa,Baa1,Baa1,A2,A2,A2,A2,A1,Aa3,Aa3,Aa3,Aa3,Aa3,Aa3,Aa3,Aa2,Aa2,Aa2,Aa2,Aa2,Aa2,Aa2,Aa2,Aa2,Aa2,Aa2
37,Boxborough,Moodys,A,A,A,A1,A1,,A1,A1,A1,A1,A1,A1,A1,A1,A1,A1,A1,A1,A1,Aa3,Aa3,Aa3,Aa3,Aa3,Aa2,Aa2,Aa2,Aa2,Aa2,Aa2,,,,,
40,Braintree,Moodys,AA,AA,AA,AA,AA,AA,AA,Aa,Aa,Aa,Aa,Aa3,Aa3,Aa3,Aa3,Aa3,Aa2,Aa2,Aa2,Aa3,Aa3,Aa3,Aa3,Aa3,Aa2,Aa2,Aa2,Aa2,Aa2,Aa2,Aa2,Aa2,Aa2,Aa2,Aa2
41,Brewster,Moodys,A,A,A,A,A1,A1,A1,A1,A1,A1,A1,A1,A1,A1,A1,A1,A1,A1,,A1,A1,,,A1,Aa2,Aa2,Aa2,Aa2,Aa2,,,,,,
42,Bridgewater,Moodys,A,A,A,,,,,,,,,Baa1,A3,A3,A3,A2,A2,A3,A3,,Baa1,Baa1,Baa1,Baa2,A2,A2,A1,A1,A1,A2,A1,A1,Aa3,Aa3,Aa3
44,Brockton,Moodys,BAA,BAA,BAA,BAA,BA,B,BA,Ba,Baa,Ba,Ba1,Baa,Baa2,Baa2,A3,A3,A2,A2,A2,A2,A2,A2,A2,A2,Aa3,Aa3,Aa3,Aa3,Aa3,A1,A1,A1,A1,A1,A1
46,Brookline,Moodys,AA,AA,AA1,AA1,AA1,AA1,AA1,Aa1,Aa1,Aaa,Aaa,Aaa,Aaa,Aaa,Aaa,Aaa,Aaa,Aaa,Aaa,Aaa,Aaa,Aaa,Aaa,Aaa,Aaa,Aaa,Aaa,Aaa,Aaa,Aaa,Aaa,Aaa,Aaa,Aaa,Aaa
48,Burlington,Moodys,A,A,A,A,AA,AA,AA,Aa,Aa,Aa,Aa,Aa,Aa2,Aa2,Aa2,Aa2,Aa2,Aa2,Aa2,Aa2,Aa2,Aa2,Aa2,Aa2,Aa1,Aa1,Aa1,Aa1,Aa1,Aa1,Aa1,Aa1,,,
49,Cambridge,Moodys,BAA1,A,AA,AA,AA,AA,AA1,Aa1,Aa1,Aa1,Aa1,Aaa,Aaa,Aaa,Aaa,Aaa,Aaa,Aaa,Aaa,,Aaa,Aaa,Aaa,Aaa,Aaa,Aaa,Aaa,Aaa,Aaa,Aaa,Aaa,Aaa,Aaa,Aaa,Aaa
50,Canton,Moodys,A,A,A1,A1,A1,A1,A1,A1,A1,A1,A1,Aa3,Aa3,Aa3,Aa2,Aa2,Aa2,Aa2,Aa2,Aa2,Aa2,,,Aa2,Aa1,Aa1,,,,,,,,,
51,Carlisle,Moodys,A,A,A1,A1,AA,AA,AA,Aa,Aa,Aa,Aa,Aa2,Aa2,Aa2,Aa2,Aa2,Aa2,Aa2,Aa2,,Aa2,Aa2,Aa2,Aa2,Aa1,Aa1,Aa1,Aa1,Aa1,Aa1,Aa1,Aa1,Aa1,Aa1,Aa1
55,Chatham,Moodys,A1,A1,A1,A1,A1,A1,A1,A1,A1,A1,A1,A1,A1,A1,A1,A1,A1,A1,,A1,A1,,,Aa3,Aa2,Aa2,Aa2,Aa2,Aa2,Aa2,Aa2,,,,
56,Chelmsford,Moodys,A1,A1,A1,A1,A1,A1,A1,A1,A1,A1,A1,A1,Aa3,Aa3,Aa3,Aa3,Aa3,Aa3,Aa3,Aa3,Aa3,,,Aa3,Aa2,Aa2,,,,,,,,,
57,Chelsea,Moodys,BA1,BA1,BA1,BA1,,,,,,,,,Baa2,Baa2,Baa1,Baa1,Baa1,Baa1,Baa1,Baa1,Baa1,,,Baa1,A1,A1,A1,A1,A1,,,,,,
61,Chicopee,Moodys,A,A,A,A,A,A,A,A,A,A,A,A3,A3,A3,A3,A3,A3,A3,A3,A3,A3,A2,A2,A2,Aa3,Aa3,Aa3,Aa3,Aa3,Aa3,Aa3,Aa3,Aa3,,
64,Clinton,Moodys,A,A,A,A,A,A,A,A,A,A,A,A,A3,A3,A3,A3,A3,A3,A3,A3,A3,A3,A3,Baa1,A1,A1,A1,A1,A1,A1,A1,A1,A1,Aa3,Aa3
65,Cohasset,Moodys,A,A,A,A,A,A,A,A,A,A,A1,A1,Aa3,Aa3,Aa3,Aa3,Aa2,Aa2,Aa2,Aa2,Aa2,Aa2,Aa2,Aa2,Aa1,Aa1,Aa1,Aa1,Aa1,Aa1,,,,,
67,Concord,Moodys,AA1,AA1,AAA,AAA,AAA,AAA,AAA,Aaa,Aaa,Aaa,Aaa,Aaa,Aaa,Aaa,Aaa,Aaa,Aaa,Aaa,Aaa,,Aaa,Aaa,Aaa,Aaa,Aaa,Aaa,Aaa,Aaa,Aaa,Aaa,Aaa,Aaa,Aaa,Aaa,Aaa
70,Dalton,Moodys,A,A,A,A,A,A,A,A,A,A,A,A,A,A2,A2,A2,A2,A2,A2,A2,A2,A2,A2,A2,Aa3,Aa3,,,,,,,,,
71,Danvers,Moodys,A1,A1,A1,A1,A1,A1,A1,A1,A1,A1,A1,A1,A1,A1,Aa3,Aa2,Aa2,Aa2,Aa2,Aa2,Aa2,,,Aa2,Aa1,Aa1,Aa1,Aa1,Aa1,Aa1,Aa1,Aa1,Aa1,,
72,Dartmouth,Moodys,A,A,A,A,A,A,A,A,A,A,A,A2,A2,A2,A2,A2,A1,A1,A1,A1,A1,A1,A1,A1,Aa2,Aa2,Aa2,Aa2,Aa2,Aa2,Aa2,Aa2,Aa2,Aa2,Aa2
73,Dedham,Moodys,AA,AA,AA,AA,AA,AA,AA,AA,AA,AA,AA,Aa3,Aa3,Aa3,Aa3,Aa3,Aa3,Aa3,Aa3,Aa3,Aa3,,,,,,,,,,,,,,
75,Dennis,Moodys,A1,A1,A1,A1,A1,A1,A1,A1,A1,A1,A1,A1,A1,A1,A1,A1,A1,A1,A1,A1,A1,A1,A1,A1,Aa2,Aa2,,,,,,,,,
77,Douglas,Moodys,A,A,A,A,A,A,A,A,A,A,A,A2,A2,A2,A2,A2,A2,A2,A2,A2,A2,A2,A2,A2,Aa3,Aa3,Aa3,Aa3,Aa3,Aa3,Aa3,Aa3,Aa3,Aa3,Aa3
79,Dracut,Moodys,A,A,A,A,A,A,A,Baa1,Baa1,Baa1,Baa1,A2,,,A1,A1,A1,A1,A1,A2,A2,,,A2,Aa3,Aa3,Aa3,Aa3,Aa3,,,,,,
80,Dudley,Moodys,A,A,A,A,A,A,A,A,A,A,A,A,A3,A3,A3,A2,A2,A2,A2,A2,A2,,,A2,Aa3,Aa3,Aa3,Aa3,Aa3,Aa3,Aa3,Aa3,,,
82,Duxbury,Moodys,AA,AA,AA,AA,AA,AA,AA,Aa,Aa,AA,AA,Aa,Aa2,Aa2,Aa2,Aa2,Aa2,Aa2,Aa2,Aa2,Aa2,Aa2,Aa2,Aa2,Aa1,Aa1,Aa1,Aa1,Aa1,Aa1,Aa1,Aa1,Aa1,Aa1,Aa1
83,East Bridgewater,Moodys,A,A,A,A,A,A,A,A,A,A,A,A,A2,A2,A2,A2,A2,A2,A2,A2,A2,A2,A2,A2,Aa3,Aa3,Aa3,Aa3,Aa3,Aa3,Aa3,Aa3,Aa3,Aa3,Aa3
85,East Longmeadow,Moodys,A1,A1,A1,A1,A1,A1,A1,A1,A1,A1,A1,A1,A1,A1,A1,A1,A1,A1,A1,A1,A1,A1,A1,A1,Aa2,Aa2,Aa2,Aa2,Aa2,Aa2,Aa2,Aa2,Aa2,Aa2,Aa2
87,Easthampton,Moodys,A1,A1,A1,A1,A1,A1,A1,BAA,BAA,BAA,BAA,Baa,A2,A2,A2,A2,A2,A2,A2,A2,A2,A2,A2,A3,A1,A1,A1,A1,A1,A1,,,,,
88,Easton,Moodys,A,A,A,A1,A1,A1,A1,A1,A1,A1,A1,A1,A1,A1,A1,A1,A2,A2,A2,A2,A2,A2,A2,A2,Aa3,Aa3,Aa3,Aa3,Aa3,Aa3,Aa3,Aa3,Aa3,Aa3,Aa3
89,Edgartown,Moodys,A,A,A,A,A,A,A,A,A,A,A,A,A2,A2,A2,A2,A1,Aa3,Aa3,Aa3,Aa3,Aa3,Aa3,Aa3,Aa2,Aa2,Aa2,Aa2,Aa2,Aa2,Aa2,Aa2,Aa2,Aa2,Aa2
93,Everett,Moodys,AA,AA,AA,AA,A,A,A,A,A,A,A,A,A3,A3,A2,A2,A1,A1,A2,A3,A3,A2,A2,A2,Aa3,Aa3,Aa3,Aa3,Aa3,Aa3,Aa3,Aa3,Aa3,Aa3,Aa3
94,Fairhaven,Moodys,A,A,A,A,A,A,A,A,A,A,A,A3,A3,A3,A3,A3,A2,A2,A2,,A2,A1,A1,A1,Aa2,Aa2,Aa2,Aa2,Aa2,Aa2,Aa2,Aa2,Aa2,Aa2,Aa2
95,Fall River,Moodys,BAA,BAA,BAA,BAA1,BAA1,BAA1,BAA1,Baa1,BAA1,BAA,BAA,Baa,Baa2,Baa2,Baa2,Baa2,Baa1,Baa1,Baa1,Baa1,Baa1,Baa1,Baa1,Baa1,A1,A1,A2,A2,A2,,A3,A3,A3,A3,A3
96,Falmouth,Moodys,A1,A1,A1,A1,A1,A1,A1,A1,A1,Aa,Aa,Aa3,Aa3,Aa3,Aa3,Aa2,Aa2,Aa2,Aa2,Aa2,Aa2,Aa2,Aa2,Aa2,Aa2,Aa2,Aa2,Aa2,Aa2,Aa2,,,,,
97,Fitchburg,Moodys,BAA,BAA,BAA1,BAA1,BAA1,BAA1,BAA1,Baa1,Baa1,Baa1,Baa1,Baa1,Baa1,Baa1,Baa1,Baa1,Baa1,Baa1,Baa1,Baa1,Baa1,Baa1,Baa1,Baa1,A1,A1,A1,A1,A1,A1,A1,A1,A1,A1,A1
99,Foxborough,Moodys,A1,A1,A1,A1,A1,A1,A1,A1,A1,A1,A1,A1,A1,A1,A1,A1,Aa3,Aa3,Aa3,Aa3,Aa3,Aa3,Aa3,Aa3,Aa2,Aa2,Aa2,Aa2,Aa2,Aa2,,,,,
100,Framingham,Moodys,AA,AA,AA,AA,AA,AA,AA,AA,AA,AA,AA,Aa3,Aa3,Aa3,Aa3,Aa3,Aa3,Aa3,Aa3,Aa3,Aa3,A1,Aa3,A1,Aa2,Aa2,Aa2,Aa2,Aa2,Aa2,Aa2,Aa2,Aa2,Aa2,Aa2
101,Franklin,Moodys,A1,A1,A1,A1,A1,A1,A1,A1,A1,A1,A1,A1,A1,A1,Aa3,Aa3,Aa3,Aa3,Aa3,Aa3,Aa3,Aa3,Aa3,A1,Aa2,Aa2,Aa2,Aa2,Aa2,Aa2,Aa2,Aa2,Aa2,Aa2,
103,Gardner,Moodys,A,A,A,A,A,A,A,A,A,Baa1,Baa1,Baa1,Baa1,Baa1,Baa1,Baa1,Baa1,Baa1,Baa1,Baa1,Baa1,Baa1,Baa1,Baa1,A1,A1,A1,A1,A1,A1,A1,A1,A1,A1,A1
105,Georgetown,Moodys,A,A,,,BAA1,BAA1,BAA1,Baa1,Baa1,Baa1,Baa1,Baa1,A1,A1,A1,A1,A1,A1,A1,A1,A1,A1,A1,A1,Aa2,Aa2,Aa2,Aa2,Aa2,Aa2,Aa2,Aa3,Aa3,Aa3,Aa3
107,Gloucester,Moodys,A,A,A,A,A,A,A,Ba,Baa,Baa1,BAA1,A3,A2,A2,A1,A1,A1,A1,A2,A2,A2,A2,A2,A2,Aa3,Aa3,Aa3,Aa3,Aa3,Aa3,Aa3,Aa3,Aa3,Aa3,Aa3
110,Grafton,Moodys,A,A,A,A,A,A,A,A,A,A,A,A,A2,A2,A2,A2,A1,A1,A1,A1,A1,A1,A1,A1,Aa2,Aa2,Aa2,Aa2,Aa2,Aa2,Aa2,Aa2,,,
113,Great Barrington,Moodys,A,A,A,A,A,A,,,,A,A,A,A1,A1,A1,A1,A1,A1,A1,A1,A1,,,A1,Aa2,Aa2,Aa2,Aa2,Aa2,,,,,,
114,Greenfield,Moodys,A,A,A,A,A,A,A,A,A,A,A,A,A3,A3,A3,A3,A3,A3,A3,A3,A3,A3,A3,A3,A1,A1,A1,A1,A1,A1,A1,A1,A1,A1,A1
115,Groton,Moodys,A,A,A,A,A,A,A,A,A,A,A,A,A2,A2,A2,A2,A2,A2,A2,A2,A2,,A2,A2,Aa3,Aa3,Aa3,Aa3,Aa3,Aa3,,,,,
117,Hadley,Moodys,A,A,A,A,A,A,A,A,A,A,A,A2,A2,A2,A2,A2,A2,A2,A2,A2,A2,A2,A2,A2,Aa3,Aa3,,,,,,,,,
120,Hampden,Moodys,A,A,,,A,A,A,A,A,A,A,A,A,A3,A3,A3,A3,,,,,,,,,,,,,,,,,,
122,Hanover,Moodys,A,A1,A1,A1,A1,A1,A1,A1,Aa,Aa,Aa,Aa3,Aa3,Aa3,Aa3,Aa3,Aa3,Aa3,Aa3,Aa3,Aa3,Aa3,Aa3,Aa3,Aa2,Aa2,Aa2,Aa2,Aa2,Aa2,Aa2,Aa2,Aa2,Aa2,Aa2
123,Hanson,Moodys,A,A,,A,A,A,A,A,A,A,A,A,A3,A3,A3,A3,A2,A2,A2,A2,A2,A2,A2,A2,Aa3,Aa3,Aa3,Aa3,Aa3,Aa3,Aa3,Aa3,Aa2,Aa2,Aa2
125,Harvard,Moodys,A,A,A,A,A,A,A,A,A,A,A,A,A,A2,A2,A2,A2,,,,A1,,,,,,,,,,,,,,
126,Harwich,Moodys,A1,A1,A1,A1,A1,A1,A1,A1,A1,A1,A1,A1,A1,A1,A1,A1,A1,A1,A1,A1,,A1,A1,A1,,,,,,,,,,,
127,Hatfield,Moodys,A,A,A,A,A,A,A,A,A,A,A,A,A3,A3,A3,A3,,,,,,,,,,,,,,,,,,,
128,Haverhill,Moodys,BA,BA1,BA1,BA1,BA1,BA1,BAA,Baa,Baa,Baa,Baa,Baa3,Baa3,Baa3,Baa3,Baa3,Baa3,Baa3,Baa3,Baa2,Baa1,Baa1,Baa1,Baa1,A1,A1,A1,A1,A1,A1,A1,A1,A1,A1,A1
131,Hingham,Moodys,A1,A1,A1,A1,A1,A1,A1,AA,AA,AA,AA,Aa,Aa1,Aa1,Aa1,Aa1,Aaa,Aaa,Aaa,Aaa,Aaa,Aaa,Aaa,Aaa,Aaa,Aaa,Aaa,Aaa,Aaa,Aaa,Aaa,Aaa,Aaa,Aaa,Aaa
133,Holbrook,Moodys,A,A,A,A,A,A,A,A,A3,A3,A3,A3,A3,A3,A3,A3,A3,Baa1,Baa1,Baa1,Baa1,Baa1,Baa1,Baa2,A2,A2,A2,A2,A2,A2,A2,A2,A2,,
134,Holden,Moodys,A,A,A,A,A,A,A,A,A,A,A,A,A1,A1,A1,A1,A1,A1,A1,A2,A2,A2,A2,A2,Aa3,Aa3,Aa3,Aa3,Aa3,Aa3,,,,,
136,Holliston,Moodys,A,A,A1,A1,A1,A1,A1,A1,A1,A1,A1,A1,A1,A1,A1,A1,A1,A1,A1,A1,A1,,,A1,Aa2,Aa2,Aa2,Aa2,Aa2,,,,,,
137,Holyoke,Moodys,BAA1,BAA1,BAA1,BAA,BAA,BAA,BAA,Baa,Baa,Baa,BAA,Baa,Baa,Baa1,Baa1,Baa1,Baa1,Baa1,Baa1,Baa1,Baa1,Baa1,Baa1,Baa1,A1,A1,A1,A1,A1,A1,A1,A1,A1,A1,A2
139,Hopkinton,Moodys,A,,A,A1,A1,A1,A1,A1,A1,A1,A1,A1,A1,Aa3,Aa2,Aa2,Aa2,Aa2,Aa2,Aa2,Aa2,Aa2,Aa2,Aa3,Aa2,Aa2,Aa2,Aa2,Aa2,,,,,,
141,Hudson,Moodys,BAA,BAA,BAA,BAA,BAA,BAA1,BAA1,Baa1,A,A,A,A,A,A2,A2,A2,A2,A2,A2,A2,A1,A1,A1,A1,Aa2,Aa2,Aa2,Aa2,Aa2,,,,,,
142,Hull,Moodys,BAA,BAA1,BAA1,BAA1,BAA1,BAA1,,,,,,,,,,,,,,,,,,,,,,,,,,,,,
149,Lawrence,Moodys,BAA,BAA,BAA,BA,BA,BA,BA,Ba,Ba,Ba,Ba,Ba2,Baa3,Baa3,Baa3,Baa2,Baa2,Baa2,Baa2,Baa2,Baa3,,Baa3,Baa3,Baa1,Baa1,Baa1,Baa1,Baa1,A3,A3,A2,A2,A2,A2
150,Lee,Moodys,A,A,A,A,A,A,A,A,A,A,A,A,A,A,A3,A3,A3,A3,A3,A3,A3,A3,A3,A2,Aa3,Aa3,,,,,,,,,
152,Lenox,Moodys,A1,A1,A1,A1,A1,A1,A1,A1,Aa,Aa,Aa,Aa3,Aa3,Aa3,Aa3,Aa3,Aa3,Aa3,Aa3,Aa3,Aa3,Aa3,Aa3,Aa3,Aa2,Aa2,Aa2,Aa2,Aa2,Aa2,Aa2,Aa2,Aa2,Aa2,Aa2
153,Leominster,Moodys,AA,AA,AA,AA,AA,A,A,Baa1,Baa1,Baa1,BAA1,Baa1,Baa1,Baa1,Baa1,Baa1,A2,A2,A2,A2,A2,A1,A1,A1,Aa2,Aa2,Aa2,Aa2,Aa2,Aa2,Aa2,Aa2,Aa2,Aa2,Aa2
155,Lexington,Moodys,AAA,AAA,AAA,AAA,AAA,AAA,AAA,AAA,AAA,AAA,AAA,Aaa,Aaa,Aaa,Aaa,Aaa,Aaa,Aaa,Aaa,,Aaa,Aaa,Aaa,Aaa,Aaa,Aaa,Aaa,Aaa,Aaa,Aaa,Aaa,Aaa,Aaa,Aaa,Aaa
157,Lincoln,Moodys,AA,AA,AA,AA,AA1,AA1,AA1,Aa1,Aa1,Aa1,AA1,Aa1,Aa1,Aa1,Aa1,Aa1,Aa1,Aa1,Aa1,Aa1,Aa1,Aa1,Aa1,,,,,,,,,,,,
158,Littleton,Moodys,A,A,A,A1,A1,A1,A1,A1,A1,A1,A1,A1,A1,A1,A1,A1,A1,A1,A1,A1,A1,,,A1,Aa2,Aa2,Aa2,Aa2,Aa2,Aa2,Aa1,Aa1,,,
159,Longmeadow,Moodys,AA,AA,AA,AA,AA,AA,AA,Aa,Aa,Aa,Aa,Aa3,Aa3,Aa3,Aa3,Aa3,Aa3,Aa3,Aa3,Aa3,Aa3,Aa3,Aa3,Aa3,Aa2,Aa2,Aa2,Aa2,Aa2,Aa2,Aa2,Aa2,Aa2,Aa2,Aa2
160,Lowell,Moodys,BAA1,BAA1,BAA1,BAA1,BAA,BAA,BAA,BAA,BAA,BAA,BAA,Baa2,Baa1,Baa1,A3,A3,A2,A2,A2,,A3,A3,A3,A3,A1,A1,A1,A1,A1,A1,A1,A1,A1,A1,A1
161,Ludlow,Moodys,A,A,A,A,A,A,A,A,A,A,A,A,A2,A2,A2,A2,A2,A2,A2,A2,A2,A2,A2,A2,Aa3,Aa3,Aa3,Aa3,Aa3,Aa3,Aa3,,,,
162,Lunenburg,Moodys,A,A,A,A,A,A,A,A,A,,,,,,,,A2,A2,A2,A2,A2,A2,A2,A2,Aa3,Aa3,Aa3,Aa3,Aa3,Aa3,Aa3,Aa3,Aa3,Aa3,Aa3
163,Lynn,Moodys,BAA,BAA,BAA,BAA,BAA1,BAA1,BAA1,Baa1,Baa1,Baa1,Baa1,Baa1,Baa1,Baa1,Baa1,Baa1,Baa1,Baa1,Baa1,Baa1,Baa1,Baa1,Baa1,Baa1,A1,A1,A1,A1,A1,A1,A3,Baa1,Baa1,A2,A2
164,Lynnfield,Moodys,A,A,A,A,A1,A1,A1,A1,A1,A1,A1,A1,Aa3,Aa3,Aa3,Aa3,Aa3,Aa3,Aa3,Aa3,A1,A1,A1,A1,Aa2,Aa2,Aa2,Aa2,Aa2,,,,,,
165,Malden,Moodys,BAA,BAA,BAA,A,A,A,A,A,Baa1,Baa1,BAA1,Baa1,A3,A3,A3,A3,A3,A3,A3,A3,A3,,,A3,A1,A1,A1,A1,A1,Aa3,Aa3,Aa3,Aa3,Aa3,Aa3
166,Manchester By The Sea,Moodys,A,A,A,A,A,A,A,A,A,AA,AA,Aa,Aa,Aa3,Aa3,Aa3,Aa3,Aa2,Aa2,Aa2,Aa2,Aa2,Aa2,Aa2,Aa1,Aa1,Aa1,Aa1,Aa1,,Aa1,Aa1,Aa1,Aa1,Aa1
167,Mansfield,Moodys,BAA1,BAA1,BAA1,BAA1,A,A,A,A,A,A,A,A1,A1,A1,A1,A1,A1,A1,A1,A1,A1,A1,A1,A1,Aa2,Aa2,Aa2,Aa2,Aa2,Aa2,Aa2,Aa2,Aa2,Aa2,Aa2
168,Marblehead,Moodys,AA,AA,AA,AA,AA,AA,AA,Aa,Aa,AA,,,,,,,,,,,,,,,,,,,,,,,,,
169,Marion,Moodys,A,A,A,,,A1,A1,A1,A1,A1,A1,A1,A1,A1,A1,A1,A1,A1,A1,,A1,A1,A1,A1,Aa2,Aa2,Aa2,Aa2,Aa2,Aa2,,,,,
170,Marlborough,Moodys,A,A,A,A1,A1,A1,A1,A1,A1,A1,A1,A1,A1,A1,A1,A1,Aa3,Aa3,Aa3,Aa3,Aa3,Aa3,Aa3,Aa3,Aa2,Aa2,Aa2,Aa2,Aa2,Aa2,Aa2,Aa2,Aa2,Aa2,Aa2
171,Marshfield,Moodys,A,A,A,A,A,A,BAA1,Baa1,A,A,A,A,A1,A1,A1,A1,Aa3,Aa3,Aa3,Aa3,Aa3,Aa3,Aa3,Aa3,Aa2,Aa2,Aa2,Aa2,Aa2,,,,,,
172,Mashpee,Moodys,A1,A,A,A,A,A,A,A,A,A,A,A2,A2,A2,A2,A2,A2,A2,A2,A2,A2,,,,,,,,,,,,,,
173,Mattapoisett,Moodys,A,A,A,A,A,A,A,A,A,A,A,A,A,A2,A2,A2,A2,A2,A2,,A1,A1,A1,A1,Aa2,Aa2,Aa2,Aa2,Aa2,,,,,,
174,Maynard,Moodys,A,A,A,A,A,A,A,A,A,A,A,A,A2,A2,A2,A2,A2,A2,A2,A2,A2,A2,A2,A2,Aa3,Aa3,Aa3,Aa3,Aa3,Aa3,Aa3,Aa3,Aa3,Aa3,Aa3
175,Medfield,Moodys,A,A1,A1,A1,A1,A1,A1,A1,A1,Aa,Aa,Aa2,Aa2,Aa2,Aa2,Aa2,Aa2,Aa2,Aa2,Aa2,Aa2,Aa2,Aa2,Aa2,Aa1,Aa1,Aa1,Aa1,Aa1,Aa1,Aa1,Aa1,Aa1,Aa1,Aa1
176,Medford,Moodys,A,A,A,A,A,A,A,A,A,A,A,A,A2,A2,A2,A2,A1,A1,A1,,A2,A2,A2,A3,A1,A1,A1,A1,A1,A1,Aa3,Aa3,Aa3,Aa3,Aa3
177,Medway,Moodys,A,A,A,A,A,A,A,A,A,A,A,A1,A1,A1,A1,A1,A1,A1,A1,,Baa1,Baa1,Baa1,A3,A1,A1,Aa3,Aa3,Aa3,Aa3,Aa2,Aa2,Aa2,Aa2,Aa2
178,Melrose,Moodys,A,A,A,A,A,A,A,Ba,Baa,Baa,BAA,A2,A2,A2,A2,A2,A1,A1,A1,A2,A2,A2,A2,A2,Aa3,Aa3,Aa3,Aa3,Aa3,Aa3,Aa3,Aa3,Aa3,Aa3,Aa3
180,Merrimac,Moodys,A,A,A,A,A,,BAA1,Baa1,Baa1,Baa1,BAA1,Baa1,Baa1,Baa1,A3,A3,A3,A3,A3,A3,A3,A3,A3,A3,A1,A1,A1,A1,A1,A1,A1,A1,A1,A1,Aa2
185,Milford,Moodys,A,A,A,A,A,A,A,A,A,A,A,A2,A2,A2,A2,A2,A2,A1,A1,A1,A1,A1,A1,A1,Aa2,Aa2,Aa2,Aa2,Aa2,Aa2,Aa2,Aa2,Aa2,Aa2,Aa2
192,Montague,Moodys,A,A,A,A,A,A,A,A,A,,,,,,A3,A3,A3,A3,A3,A3,A3,,,A3,A1,A1,A1,A1,A1,A1,A1,A1,,,
201,New Bedford,Moodys,BAA,BAA,BAA,BAA,BAA,BAA,BAA,BAA,BAA,BAA,BAA,Baa3,Baa3,Baa3,Baa3,Baa3,Baa2,Baa2,Baa2,,Baa1,A3,A3,A3,A1,A1,A1,A1,A1,A1,A1,A1,A1,A1,A1
206,Newburyport,Moodys,A,A,A,A,A,A,BAA,Baa,Baa,Baa,Baa,Baa2,Baa2,Baa1,A3,A3,A2,A1,A1,A1,A1,A1,A1,A1,Aa2,Aa2,Aa2,Aa2,Aa2,Aa2,Aa2,,,,
208,Norfolk,Moodys,A,A,A,A,A,A,A,A,A,A,A1,A1,A1,A1,A1,A1,A1,A1,A1,A1,A1,A1,A1,A1,Aa3,Aa3,Aa3,Aa3,Aa3,Aa3,Aa3,Aa3,Aa3,Aa3,
212,North Brookfield,Moodys,BAA,BAA,BAA,BAA,BAA,BAA,BAA,Baa,Baa,,,,,,,,,,,,,,,,,,,,,,,,,,
214,Northampton,Moodys,AA,AA,AA,AA,AA,AA,AA,,,AA,A1,A1,A1,A1,A1,A1,A1,A1,A1,A1,A1,A1,A1,A1,Aa2,Aa2,Aa2,Aa2,Aa2,Aa2,Aa2,Aa2,Aa2,Aa2,Aa2
219,Norwell,Moodys,A1,A1,A1,A1,A1,A1,A1,A1,A1,A1,A1,A1,A1,A1,A1,A1,A1,A1,A2,A1,,,,,,,,,,,,,,,
220,Norwood,Moodys,AA,AA,AA,AA,AA,AA,AA,AA,AA,AA,,,,,,,,,,,,,,,,,,,,,,,,,
226,Oxford,Moodys,A1,A1,,,,,,,,,,,,A2,A2,A2,A2,A2,A2,A2,A2,A2,A2,A2,Aa3,Aa3,Aa3,Aa3,Aa3,Aa3,Aa3,Aa3,Aa3,Aa3,Aa3
227,Palmer,Moodys,AA,AA,AA,AA,A,BAA1,BAA1,Baa1,BAA1,BAA1,BAA1,Baa1,Baa1,Baa1,Baa1,Baa1,Baa1,Baa1,Baa1,Baa1,Baa1,Baa1,Baa1,Baa1,A1,A1,A1,A1,A1,A1,A1,A1,A1,A1,Aa3
229,Peabody,Moodys,BAA1,BAA1,A,A,A1,A1,A1,Aa,Aa,Aa,Aa1,Aa1,Aa1,Aa1,Aa1,Aa1,Aa1,Aa2,Aa2,,Aa2,Aa2,Aa2,Aa2,Aa1,Aa1,Aa1,Aa1,Aa1,Aa1,Aa1,Aa2,Aa2,Aa3,Aa3
231,Pembroke,Moodys,A,A,A,A,A,A,A,A,A,A,A,A,A2,A2,A2,A2,A2,A2,A2,A2,A2,A2,A2,A2,Aa3,Aa3,Aa3,Aa3,Aa3,Aa3,Aa3,Aa3,,,
232,Pepperell,Moodys,A,A,A,A,A,A,A,A,A,A,A,A2,A2,A2,A2,A2,A1,A1,A1,A1,A1,A1,A1,A1,Aa3,Aa3,Aa3,Aa3,Aa3,Aa3,Aa3,Aa3,Aa3,Aa3,Aa3
239,Plymouth,Moodys,AA,AA,AA,AA,AA,AA,A1,A1,A1,A1,A1,A1,A1,A1,Aa3,Aa3,Aa2,Aa2,Aa2,Aa2,Aa2,Aa2,Aa2,Aa2,Aa1,Aa1,Aa2,Aa2,Aa2,Aa2,Aa2,Aa2,Aa2,,
241,Princeton,Moodys,BAA,BAA,BAA,BAA,BAA,BAA1,BAA1,Baa1,Baa1,Baa1,Baa1,Baa1,Baa1,Baa1,Baa1,Baa1,Baa1,Baa1,Baa1,A3,A3,A3,A3,A3,,,,,,Aa3,Aa3,Aa3,Aa3,Aa3,Aa3
242,Provincetown,Moodys,A,A,A,A,A,A,A,A,A,A,A,A,A2,A2,A2,A2,A2,A2,A2,A2,A2,,,A2,Aa3,Aa3,Aa3,,,,,,,,
243,Quincy,Moodys,BA,BAA,BAA1,A,A,A,A,A,A,A,A,A,A3,A3,A2,A2,A3,A3,A3,,A2,A1,A1,A1,Aa3,Aa3,Aa3,Aa3,Aa3,Aa3,Aa3,Aa3,Aa3,Aa3,Aa3
246,Reading,Moodys,A1,A1,A1,A1,A1,A1,A1,A1,A1,A1,A1,Aa3,Aa3,Aa3,Aa3,Aa3,Aa3,A1,A1,A1,A1,Aa3,A1,Aa3,Aa2,Aa2,Aa2,Aa2,Aa2,Aa2,Aa2,Aa2,,,
247,Rehoboth,Moodys,A,A,A,,,,,,,,,A2,A2,A2,A2,A2,A2,A2,A2,A2,A2,A2,A2,A2,Aa3,Aa3,Aa3,Aa3,Aa3,Aa3,,,,,
248,Revere,Moodys,BAA,BAA,BAA,BAA,BAA,BAA,BA,Ba,Ba,Ba1,Ba1,Baa3,Baa3,Baa3,Baa3,Baa3,Baa3,Baa3,Baa3,Baa2,Baa1,Baa1,Baa1,A3,A1,A1,A1,A1,A1,A1,Aa3,Aa3,Aa3,Aa3,Aa3
251,Rockland,Moodys,A,A,A,A,A,A,A,A,A,A,A,A3,A3,A3,A3,A3,Baa1,Baa1,Baa1,Baa1,Baa1,Baa1,Baa1,Baa1,A1,A1,A1,A1,A1,A1,A1,A1,A1,A1,A1
252,Rockport,Moodys,A,A,A,A,A,A,A,A,A,A,A,A3,A2,A2,A2,A2,Aa3,Aa3,Aa3,Aa3,Aa3,Aa3,Aa3,Aa3,Aa2,Aa2,Aa2,Aa2,Aa2,Aa2,,,,,
257,Rutland,Moodys,BAA,BAA,BAA,BAA,BAA,BAA,BAA,Baa,Baa,,,,,,A3,A3,A3,A3,A3,A3,A3,A3,A3,Baa1,A1,A2,A2,A2,A2,A2,A2,A2,A2,,
258,Salem,Moodys,A,A,A1,A1,A1,A1,A1,A1,A1,A1,A1,A1,A1,A1,A1,A1,A1,A1,A1,A1,A2,A2,A2,A2,Aa3,Aa3,Aa3,Aa3,Aa3,Aa3,Aa3,Aa3,,,
261,Sandwich,Moodys,A,A,A,A,A,A,A,A,A,A,A,A1,A1,A1,A1,A1,A1,A1,A1,A1,A1,,,A1,Aa2,Aa2,,,,,,,,,
262,Saugus,Moodys,A1,A1,A1,A1,A,A,A,A,A,A,A,,,,A1,A1,A1,A1,A1,,A2,Baa1,Baa1,Baa1,A1,A1,A2,A2,A2,A1,A1,Aa3,Aa3,Aa3,Aa3
264,Scituate,Moodys,AA,AA,AA,AA,AA,AA,AA,Aa,Aa,Aa,Aa,Aa3,Aa3,Aa3,Aa3,Aa3,Aa3,Aa3,Aa3,Aa3,Aa3,Aa3,Aa3,Aa3,Aa2,Aa2,Aa2,Aa2,Aa2,Aa2,Aa2,Aa2,Aa2,,
271,Shrewsbury,Moodys,A1,A1,A1,A1,A1,A1,A1,A1,A1,A1,A1,A1,Aa3,Aa3,Aa3,Aa3,Aa3,Aa3,Aa3,Aa3,Aa3,Aa3,Aa3,Aa3,Aa2,Aa2,Aa2,Aa2,Aa2,Aa2,Aa2,Aa2,Aa2,Aa2,Aa2
273,Somerset,Moodys,A1,A1,A1,A1,A1,A1,A1,A1,A1,A1,A1,A1,A1,A1,A1,A1,Aa3,Aa3,Aa3,Aa3,Aa3,Aa3,Aa3,Aa3,Aa2,Aa2,Aa2,Aa2,Aa2,Aa2,Aa2,Aa2,Aa2,Aa2,Aa2
274,Somerville,Moodys,AA1,,,,,,BAA1,Baa1,Baa1,Baa1,A,A2,A2,A2,A2,A2,A2,A2,A2,A1,A1,A1,A1,Aa3,Aa2,Aa2,Aa2,Aa2,Aa2,Aa2,Aa1,Aa1,Aa1,Aa1,Aa1
275,South Hadley,Moodys,BAA,BAA,BAA,BAA,BAA,BAA,BAA1,Baa1,Baa1,Baa1,Baa1,Baa1,Baa1,Baa1,A3,A3,A2,A2,A2,A2,A2,A1,A1,A1,Aa2,Aa2,Aa2,Aa2,Aa2,Aa2,Aa2,Aa2,Aa2,Aa2,Aa2
279,Southwick,Moodys,A,A,A,A,A,A,A,A,A,A,A,A,A2,A2,A2,A1,A1,A1,A1,A1,A1,A1,A1,A1,Aa2,Aa2,Aa2,Aa2,Aa2,Aa2,Aa2,Aa2,Aa2,Aa2,Aa2
281,Springfield,Moodys,A,A,A,A,BAA,BAA,BAA,BAA,BAA,BAA,BAA,Baa,Baa3,Baa3,Baa3,Baa3,Baa3,Baa3,Baa3,Baa3,Baa3,Baa3,Baa3,Baa2,A2,A2,A2,A2,A2,A2,A2,A2,A2,A2,A2
282,Sterling,Moodys,BAA1,BAA1,A,A,A,A,A,A,A,A,A,A,A2,A1,A1,A1,A1,A1,A1,A1,A1,A1,A1,A1,Aa2,Aa2,Aa2,Aa2,Aa2,Aa2,Aa2,Aa2,Aa2,Aa2,Aa2
284,Stoneham,Moodys,AA,AAA,AA,AA,AA,AA,AA,AA,AA,AA,AA,Aa3,Aa3,Aa3,Aa3,Aa3,Aa3,Aa3,Aa3,Aa3,Aa3,A1,A1,A1,Aa2,Aa2,Aa2,Aa2,Aa2,Aa2,Aa2,Aa2,Aa2,Aa2,Aa2
285,Stoughton,Moodys,A,A,A,A1,A1,A1,A1,A1,A1,A1,A1,A1,A1,A1,A1,A1,A1,A1,A1,A1,A1,A1,A1,A3,A1,A1,Aa3,Aa3,Aa3,Aa3,Aa3,Aa2,Aa2,Aa2,Aa2
286,Stow,Moodys,A,A,A,A1,A1,A1,A1,A1,A1,A1,A1,A1,A1,A1,A1,A1,A1,A1,A1,A1,A1,A1,A1,A1,Aa2,Aa2,,,,,,,,,
287,Sturbridge,Moodys,A,A,A,A,A,A,A,A,A,A,A,A2,A2,A2,A2,A2,A2,A2,A2,A2,A2,A2,A2,A2,Aa3,Aa3,Aa3,Aa3,Aa3,Aa3,,,,,
288,Sudbury,Moodys,A,A,A,A,AA,AA,AA,AA,AA,AA,AA,Aa2,Aa2,Aa1,Aa1,Aa1,Aa1,Aa1,Aa1,Aa1,Aa1,Aa1,Aa1,Aa1,Aa1,Aa1,,,,,,,,,
292,Swansea,Moodys,A,A,A,A,A,A,BAA1,BAA1,BAA1,BAA1,BAA1,Baa1,Baa1,Baa1,Baa1,Baa1,Baa2,Baa2,Baa2,Baa2,A3,A3,A3,A3,A1,A1,A1,A1,A1,A1,,,,,
293,Taunton,Moodys,A,A,A,A,A,A,A,A,A,A,A,A3,A3,A3,A3,A3,A3,A3,A3,A3,A3,A3,A3,A3,A1,A1,A1,A1,A1,A1,Aa3,Aa3,,,
294,Templeton,Moodys,BAA,BAA,BAA,BAA,BAA,BAA,BAA,BAA,BAA,BAA,BAA,Baa,Baa1,Baa1,Baa1,Baa1,Baa1,Baa1,Baa1,Baa1,A3,A3,A3,A3,A1,A1,A1,A1,A1,,,A1,Aa3,Aa3,Aa3
295,Tewksbury,Moodys,A,A,A,A,A,A,A,Baa1,Baa1,Baa1,A,A2,A2,A2,A1,A1,A1,A1,A1,A1,A1,,,A2,Aa3,Aa3,Aa3,Aa3,Aa3,,,,,,
301,Tyngsborough,Moodys,A,A,A,A,A,A,A,A,A,A,A,A,A2,A2,A2,A2,A2,A2,A2,A2,A2,A2,,A2,Aa3,Aa3,Aa3,Aa3,Aa3,Aa3,Aa3,Aa3,Aa3,Aa3,Aa3
303,Upton,Moodys,A,A,,,,,,A,A,A,A,A2,A2,A2,A2,A2,A2,A2,A2,A2,A2,A2,A2,A2,Aa3,Aa3,Aa3,Aa3,Aa3,,,,,,
305,Wakefield,Moodys,AA,AA,AA,AA,AA,AA,AA,AA,AA,AA,AA,Aa,Aa3,Aa3,Aa3,Aa3,Aa3,Aa3,Aa3,Aa3,Aa3,Aa3,Aa3,Aa3,Aa2,Aa2,Aa2,Aa2,Aa2,Aa2,Aa2,Aa2,Aa2,Aa2,Aa2
307,Walpole,Moodys,A1,A1,A1,A1,A1,A1,A1,A1,A1,A1,A1,A1,Aa3,Aa3,Aa3,Aa3,Aa3,Aa3,Aa3,Aa3,Aa3,Aa3,Aa3,Aa3,Aa2,Aa2,Aa2,Aa2,Aa2,Aa2,Aa2,Aa2,Aa2,Aa2,Aa2
309,Ware,Moodys,A,A,A,A,A,A,A,A,A,A,A,A,A3,A3,A3,A3,A3,A3,A3,A3,A3,A3,A3,A3,A1,A1,A1,A1,A1,A1,A1,A1,A1,,
310,Wareham,Moodys,A,A,A,A,A,A,A,A,A,A,A,A,A3,A3,A3,A3,A3,A3,A3,A3,A3,A3,A3,Baa1,A1,A1,A1,A1,A1,A1,Aa3,Aa3,Aa3,Aa3,Aa3
314,Watertown,Moodys,A,A,A,A,A,A,A,A,A,A,A,A1,A1,A1,A1,A1,Aa3,Aa3,Aa3,Aa3,Aa3,Aa3,Aa3,Aa3,Aa3,Aa3,Aa3,Aa2,Aa2,Aa2,Aa1,Aa1,Aa1,Aa1,Aa1
315,Wayland,Moodys,AA,AA,AA1,AA1,AA1,AA1,AA1,AAA,AAA,AAA,AAA,Aaa,Aaa,Aaa,Aaa,Aaa,Aaa,Aaa,Aaa,Aaa,Aaa,Aaa,Aaa,Aaa,Aaa,Aaa,Aaa,Aaa,Aaa,Aaa,Aaa,Aaa,Aaa,Aaa,Aaa
316,Webster,Moodys,A,A,A,A,A,A,A,A,A,A,A,A,A3,A3,A3,A3,A3,A3,A3,A3,A3,A3,A3,A3,A1,A1,A1,A1,A1,A1,A1,A1,A1,A1,A1
317,Wellesley,Moodys,AAA,AAA,AAA,AAA,AAA,AAA,AAA,AAA,AAA,AAA,AAA,Aaa,Aaa,Aaa,Aaa,Aaa,Aaa,Aaa,Aaa,Aaa,Aaa,Aaa,Aaa,Aaa,Aaa,Aaa,Aaa,Aaa,Aaa,Aaa,Aaa,Aaa,Aaa,Aaa,Aaa
322,West Bridgewater,Moodys,A,A,A,A,A,A,A,A,A,A,A,A,A2,A2,A2,A2,A2,A2,A2,A2,A2,A2,A2,A3,A1,A1,A1,A1,A1,A1,Aa3,Aa3,Aa3,Aa3,
324,West Newbury,Moodys,BAA,BAA1,A,A,A,A,A,A,A,A,A,A2,A1,A1,A1,A1,A1,A1,A1,Aa3,Aa3,Aa3,Aa3,Aa3,Aa2,Aa2,Aa2,Aa2,Aa2,Aa2,Aa2,Aa2,Aa2,Aa2,
325,West Springfield,Moodys,AA,AA,AA,AA,AA,A1,A1,A1,A1,A1,A1,A1,A1,A1,A1,A1,A1,A1,A1,A2,A2,A2,A2,A2,Aa3,Aa3,Aa3,Aa3,Aa3,Aa3,Aa3,Aa3,Aa3,Aa3,Aa3
328,Westborough,Moodys,A1,A1,AA,AA,AA,AA,AA,AA,AA,AA,AA,Aa3,Aa3,Aa3,Aa2,Aa2,Aa2,Aa2,Aa2,Aa3,Aa3,Aa3,Aa3,Aa3,Aa2,Aa2,Aa2,Aa2,Aa2,Aa2,Aa2,,,,
329,Westfield,Moodys,A,A,A,A,A,A,A,A,A,A,A,A,A2,A2,A2,A2,A2,A2,A2,A2,A3,A3,A3,A3,A1,A1,A1,A1,A1,A1,A1,A1,A1,,
330,Westford,Moodys,A,A,A1,A1,A1,A1,A1,BAA1,BAA1,BAA1,BAA1,A3,A1,A1,A1,A1,Aa3,Aa3,Aa3,Aa3,Aa3,Aa3,Aa3,Aa3,Aa2,Aa2,Aa2,Aa2,Aa2,Aa2,Aa2,Aa2,Aa2,Aa2,Aa2
333,Weston,Moodys,AA,AA1,AA1,AA1,AAA,AAA,AAA,Aaa,Aaa,Aaa,Aaa,Aaa,Aaa,Aaa,Aaa,Aaa,Aaa,Aaa,Aaa,Aaa,Aaa,Aaa,Aaa,Aaa,Aaa,Aaa,Aaa,Aaa,Aaa,Aaa,Aaa,Aaa,Aaa,Aaa,Aaa
334,Westport,Moodys,A,A,A,A,A,A,A,A,A,A,A,A,A2,A2,A2,A2,A2,A2,A2,A2,A2,A2,A2,A2,Aa3,Aa3,Aa3,Aa3,Aa3,Aa3,Aa3,Aa3,Aa3,Aa3,Aa3
335,Westwood,Moodys,AA,AA,AAA,AA,AA,AA,AA,AA,AA,AA,AA,Aa,Aa1,Aa1,Aa1,Aa1,Aa1,Aa1,Aa1,Aa1,Aa1,Aa1,Aa1,Aa1,Aa1,Aa1,Aa1,Aa1,Aa1,Aa1,Aa1,Aa1,Aa1,Aa1,
336,Weymouth,Moodys,A,A,A,A,A,A,BAA1,BAA1,BAA1,BAA1,BAA1,Baa1,A3,A3,A2,A2,A2,A2,A2,A2,A2,A2,A2,A2,Aa3,Aa3,Aa3,Aa3,Aa3,Aa3,Aa3,Aa3,Aa3,Aa3,Aa3
338,Whitman,Moodys,A,,,BAA1,BAA1,BAA1,BAA1,BAA1,BAA1,BAA1,BAA1,Baa1,A3,A3,A3,A3,A2,A2,A3,A3,A3,A2,A3,A2,Aa3,Aa3,Aa3,Aa3,Aa3,Aa3,Aa3,Aa3,Aa3,Aa3,Aa3
339,Wilbraham,Moodys,AA,AA,AA,AA,AA,AA,A1,A1,A1,A1,A1,A1,A1,A1,A1,A1,A1,A1,A1,A1,A1,A1,A1,A1,Aa2,Aa2,Aa2,Aa2,Aa2,Aa2,Aa2,Aa2,,,
341,Williamstown,Moodys,AA,AA,AA,AA,AA,AA,AA,AA,AA,AA,AA,Aa,Aa3,Aa3,Aa3,Aa3,Aa3,Aa3,Aa3,Aa3,Aa3,Aa3,Aa3,Aa3,Aa2,Aa2,Aa2,Aa2,Aa2,Aa1,Aa1,Aa1,Aa1,Aa1,Aa1
342,Wilmington,Moodys,AA,AA,AA,AA,AA,AA,A,A,A,A,A,A,A,A,A2,A2,,,,,,,,,,,,,,,,,,,
344,Winchester,Moodys,AAA,AAA,AAA,AAA,AAA,AAA,AAA,AAA,AAA,AAA,AAA,Aaa,Aaa,Aaa,Aaa,Aaa,Aaa,Aaa,Aaa,Aaa,Aaa,Aaa,Aaa,Aaa,Aaa,Aaa,Aaa,Aaa,Aaa,Aaa,Aaa,Aaa,Aaa,Aaa,Aaa
346,Winthrop,Moodys,A,A,A,A,A,A,A,A,A,A,A,A,A,A2,A2,A2,A2,A2,A2,A2,A2,A2,A2,A2,Aa3,Aa3,Aa3,Aa3,Aa3,Aa3,Aa3,Aa3,Aa3,,
347,Woburn,Moodys,BAA,BAA,,,A,,,,,,,A2,A2,A2,A2,A2,Aa3,Aa3,Aa3,Aa3,Aa3,Aa3,Aa3,Aa3,Aa2,Aa2,Aa2,Aa2,Aa2,Aa1,Aa1,Aa1,Aa1,Aa1,Aa1
348,Worcester,Moodys,BAA,BAA1,BAA1,BAA1,BAA1,BAA1,BAA1,BAA1,BAA1,BAA1,BAA1,Baa1,Baa1,Baa1,Baa1,Baa1,A3,A3,A3,A3,A3,A3,A3,A3,A1,A1,A1,Aa3,Aa3,Aa3,Aa3,Aa3,Aa3,Aa3,Aa3
351,Yarmouth,Moodys,A1,A1,A1,A1,A1,A1,A1,A1,A1,A1,A1,A1,A1,A1,A1,A1,A1,A1,A1,A1,A1,A1,A1,A2,Aa3,Aa3,,,,,,,,,
118,Halifax,Moodys,,A,A,A,A,A,A,A,A,A,A,A,A2,A2,A2,A2,A2,A2,A2,A2,A2,A2,A2,A2,Aa3,Aa3,Aa3,Aa3,Aa3,Aa3,Aa3,Aa3,Aa3,Aa3,Aa3
144,Ipswich,Moodys,,A,A,A,A,A,A,A,A,A,A,A,A1,A1,A1,A1,A1,A1,A1,A1,A1,A1,A1,A1,Aa2,Aa2,Aa2,Aa2,Aa2,Aa2,Aa2,Aa2,Aa2,Aa2,Aa2
181,Methuen,Moodys,,A1,A1,A1,A1,A1,A1,A1,A1,A1,A1,A1,A1,A1,A1,A1,A1,A1,A1,A1,A1,A2,A2,A3,A1,A1,A1,A1,A1,A2,A2,A3,A3,A3,A1
182,Middleborough,Moodys,,A,A,A,A,A,A,A,A,A,A,A,A3,A3,A3,A3,A2,A2,A2,A2,A2,A2,A2,A2,Aa3,Aa3,Aa3,Aa3,Aa3,Aa3,Aa3,Aa3,,,
291,Swampscott,Moodys,,A1,A1,A1,A1,A1,A1,A1,A1,A1,A1,A1,Aa3,Aa3,Aa3,Aa3,Aa3,Aa3,Aa3,Aa3,Aa3,Aa3,Aa3,Aa3,Aa2,Aa2,Aa2,Aa2,Aa2,Aa2,Aa2,Aa2,Aa2,Aa2,Aa2
343,Winchendon,Moodys,,BAA1,BAA1,BAA1,BAA1,BAA1,BAA1,BAA1,BAA1,BAA1,BAA1,Baa1,Baa1,Baa1,Baa1,Baa1,Baa1,Baa1,Baa1,Baa1,Baa1,Baa1,Baa1,Baa1,A1,A1,A1,A1,A1,,,,,,
78,Dover,Moodys,,,A1,A1,A1,AA,AA,Aa,Aa,Aa1,AA1,Aa1,Aa1,Aa1,Aa1,Aa1,Aa1,Aaa,Aaa,Aaa,Aaa,Aaa,Aaa,Aaa,Aaa,Aaa,Aaa,Aaa,Aaa,Aaa,Aaa,Aaa,Aaa,Aaa,Aaa
86,Eastham,Moodys,,,A,A,A,A,A,A,,A,A,A2,A2,A2,A2,A2,A2,A2,A2,A2,A1,,,A1,Aa2,Aa2,Aa2,Aa2,Aa2,Aa2,Aa2,Aa2,,,
146,Lakeville,Moodys,,,A,A,A,A,A,A,A,A,A,A,A2,A2,A2,A2,A2,A2,A2,A2,A2,A2,A2,,,,,,,,,,,,
221,Oak Bluffs,Moodys,,,A,A,A,A,A,A,A,A,A,A,A3,A3,A3,A3,A3,A3,A3,A3,A3,,,,,,,,,,,,,,
245,Raynham,Moodys,,,A,A,A,A,A,A,A,A,A,A3,A3,A3,A2,A2,A2,A2,A2,A2,A2,A2,A2,A3,A1,A1,A1,A1,A1,A1,Aa3,Aa3,Aa2,Aa2,Aa2
298,Topsfield,Moodys,,,A1,A1,A1,A1,A1,A1,A1,A1,A1,A1,A1,A1,Aa3,Aa3,Aa3,Aa3,Aa3,Aa3,Aa3,Aa3,Aa3,Aa3,Aa2,Aa2,Aa2,Aa2,Aa2,Aa2,Aa2,Aa2,Aa2,Aa2,
38,Boxford,Moodys,,,,AA,AA,AA,AA,Aa,Aa,Aa,Aa,Aa,Aa2,Aa2,Aa2,Aa2,Aa2,Aa2,Aa2,Aa2,Aa2,Aa2,Aa2,Aa2,Aa1,Aa1,Aa1,Aa1,Aa1,Aa1,Aa1,Aa1,Aa1,Aa1,Aa1
145,Kingston,Moodys,,,,A1,A1,A1,A1,A1,A1,A1,A1,A1,A1,A1,A1,A1,A1,A1,A1,A1,A1,A1,A1,A2,Aa3,Aa3,Aa3,Aa3,Aa3,Aa2,Aa2,Aa2,,,
151,Leicester,Moodys,,,,A,A,A,A,A,A,A,A,A,A3,A3,A3,A3,A3,A3,A3,A3,A3,A3,A3,A3,A1,A1,A1,A1,A1,,,,,,
210,North Andover,Moodys,,,,A,BAA1,BAA,,,,Baa1,Baa1,A3,A3,A3,A3,A3,A2,A2,A1,A1,A1,A1,A1,A1,Aa2,Aa2,Aa2,Aa2,Aa2,Aa2,Aa2,Aa2,Aa2,Aa2,
280,Spencer,Moodys,,,,A,A,A,A,A,A,A,A,A,A2,A2,A2,A2,A2,A2,A2,,,,,,Aa3,Aa3,Aa3,Aa3,Aa3,Aa3,Aa3,Aa3,Aa3,Aa3,Aa3
299,Townsend,Moodys,,,,A,A,A,A,A,A,A,A,A2,A2,A2,A2,A2,A2,A2,A2,A2,A2,A2,A2,A2,Aa3,Aa3,Aa3,Aa3,Aa3,Aa3,Aa3,Aa3,Aa3,Aa3,Aa3
304,Uxbridge,Moodys,,,,A,A,A,A,A,A,A,A,A,A2,A2,A2,A2,A2,A2,A2,A2,A2,A2,A2,A2,Aa3,Aa3,Aa3,Aa3,Aa3,Aa3,Aa3,,,,
332,Westminster,Moodys,,,,A,A,A,A,A,A,A,A,A,A2,A2,A2,A2,A2,A2,A2,A2,A2,,,A2,Aa3,,,,,,,,,,
350,Wrentham,Moodys,,,,A,A,A,A,A,A,A,A,A,A2,A2,A2,A2,A1,A1,A1,A1,,A1,A1,A1,Aa2,Aa2,Aa2,Aa2,Aa2,Aa2,Aa2,Aa2,Aa2,,
19,Ayer,Moodys,,,,,BAA,BAA,BAA,Baa,Baa,Baa,Baa,Baa,Baa1,Baa1,A3,A3,A2,A2,A2,A2,A2,A2,A2,A2,Aa3,Aa3,Aa3,Aa3,Aa3,Aa3,Aa3,Aa2,Aa2,Aa2,Aa2
54,Charlton,Moodys,,,,,BAA,,,,,,,,,,,,Baa2,Baa2,Baa2,A3,A3,A3,A3,A3,A1,A1,,,,,,,,,
187,Millis,Moodys,,,,,A,A,A,A,A,A,A,A,A,A2,A2,A2,A2,A2,A2,A2,A2,A2,A2,A2,Aa3,Aa3,Aa3,Aa3,Aa3,Aa3,Aa3,Aa3,Aa3,Aa3,Aa3
266,Sharon,Moodys,,,,,AA,AA,AA,AA,AA,AA,AA,Aa,Aa2,Aa2,Aa2,Aa2,Aa3,Aa3,Aa3,Aa3,Aa3,Aa3,Aa3,Aa3,Aa2,Aa2,Aa2,Aa2,Aa2,Aa3,Aa3,Aa3,Aa3,Aa3,Aa3
296,Tisbury,Moodys,,,,,A,A,A,A,A,A,A,A,A2,A2,A2,A2,A2,,,,,,,,,,,,,,,,,,
81,Dunstable,Moodys,,,,,,A,A,A,A,A,A,A,,,,,A3,A3,A3,A3,A3,A3,A3,Baa1,A1,A1,A1,A1,A1,A1,A1,A1,A1,A1,Aa3
186,Millbury,Moodys,,,,,,A,A,A,A,A,A,A,A2,A2,A2,A2,A2,A2,A2,A2,A2,A2,A2,A2,Aa3,Aa3,Aa3,Aa3,Aa3,Aa3,Aa3,,,,
218,Norton,Moodys,,,,,,BAA1,BAA1,BAA1,BAA1,BAA1,BAA1,Baa1,A2,A2,A2,A2,A2,A2,A2,A2,A2,,A2,A2,Aa3,Aa3,,,,,,,,,
224,Orleans,Moodys,,,,,,A1,A1,A1,A1,A1,A1,A1,A1,A1,Aa3,Aa3,Aa3,Aa3,Aa3,Aa3,Aa3,,,,,,,,,,,,,,
290,Sutton,Moodys,,,,,,A,A,A,A,A,A,A,A2,A2,A2,A2,A2,A2,A2,A2,A2,A2,A2,A2,Aa3,Aa3,Aa3,Aa3,Aa3,Aa3,Aa3,Aa3,,,
300,Truro,Moodys,,,,,,BAA1,BAA1,BAA1,BAA1,BAA1,BAA1,Baa1,Baa1,Baa1,Baa1,Baa1,Baa1,Baa1,,,,,,,,,,,,,,,,,
74,Deerfield,Moodys,,,,,,,A1,A1,A1,A1,A1,A1,A1,A1,A1,A1,A1,A1,A1,A1,A1,A1,A1,A1,Aa2,Aa2,,,,Aa3,Aa3,Aa3,Aa3,Aa3,Aa2
215,Northborough,Moodys,,,,,,,BAA1,BAA1,BAA1,A1,A1,A1,Aa3,Aa3,Aa3,Aa3,Aa3,Aa3,Aa3,Aa3,Aa3,Aa3,Aa3,Aa3,Aa2,Aa2,Aa2,Aa2,Aa2,Aa1,Aa1,Aa1,Aa1,Aa1,Aa1
236,Pittsfield,Moodys,,,,,,,A,A,A,A,A,A,A3,A3,A3,A3,Baa2,Baa2,Baa2,Baa2,Baa2,Baa1,Baa2,A3,A1,A1,A1,A1,A1,A1,A1,A1,A1,A1,A1
238,Plainville,Moodys,,,,,,,A,A,A,A,A,A,A3,A3,A3,A3,A2,A2,A2,A2,A2,A2,A2,A2,Aa3,Aa3,Aa3,Aa3,Aa3,Aa3,Aa2,Aa2,Aa2,Aa3,Aa3
265,Seekonk,Moodys,,,,,,,A,A,A,A,A,A,A2,A2,A2,A2,A2,A2,A2,A2,A2,,,A2,Aa3,Aa3,Aa3,Aa3,Aa3,,,,,,
289,Sunderland,Moodys,,,,,,,A,A,A,A,A,A,A3,A3,A3,A3,A3,A3,A3,A3,,,,,,,,,,,,,,,
199,Needham,Moodys,,,,,,,,Aa,AA,AA,Aa,Aa3,Aa3,Aa3,Aa2,Aa2,Aa2,Aa2,Aa2,Aa2,Aa2,,,,,,,,,,,,,,
209,North Adams,Moodys,,,,,,,,A,A,A,A,A,A3,A3,A3,A3,A3,A3,A3,A3,A3,,A3,A3,A1,A1,A1,A1,A1,,,,,,
311,Warren,Moodys,,,,,,,,A,A,A,A,A,A3,A3,A3,A3,A3,A3,A3,A3,A3,A3,A3,A3,A1,A1,A1,A1,A1,A1,A1,A1,,,
43,Brimfield,Moodys,,,,,,,,,Baa1,,,,,,,,,,,,,,,,,,,,,,,,,,
52,Carver,Moodys,,,,,,,,,Baa1,Baa1,Baa1,Baa1,A3,A3,A3,A3,A3,A3,A3,A3,A3,A3,A3,A3,A1,A1,A1,A1,A1,,,,,,
184,Middleton,Moodys,,,,,,,,,A1,A1,A1,Aa3,Aa3,Aa3,Aa3,Aa3,Aa3,Aa3,Aa3,Aa3,Aa3,Aa3,Aa3,Aa3,Aa2,Aa2,Aa2,Aa2,Aa2,Aa2,Aa2,Aa2,Aa2,Aa2,Aa1
205,Newbury,Moodys,,,,,,,,,A1,A1,A1,A1,A1,A1,A1,A1,A1,A1,A1,A1,A1,A1,A1,A1,Aa2,Aa2,Aa2,Aa2,Aa2,Aa2,Aa2,Aa2,Aa2,Aa2,
272,Shutesbury,Moodys,,,,,,,,,BAA1,,,,,,,,,,,,,,,,,,,,,,,,,,
308,Waltham,Moodys,,,,,,,,,Aa,AA,AA,Aa2,Aa2,Aa2,Aa2,Aa2,Aa1,Aa1,Aa1,Aa1,Aa1,Aa1,Aa1,Aa1,Aa1,Aa1,Aa1,Aa1,Aa1,Aa1,Aa1,Aa1,Aa1,Aa1,Aa2
138,Hopedale,Moodys,,,,,,,,,,A,A,A,A3,A3,A2,A2,A2,A2,A2,,A2,A2,A2,A2,Aa3,Aa3,Aa3,Aa3,Aa3,Aa3,Aa3,Aa3,Aa3,Aa3,Aa3
189,Milton,Moodys,,,,,,,,,,AA,AA,Aa,Aa3,Aa3,Aa3,Aa3,Aa3,Aa3,Aa3,Aa3,Aa3,Aa3,Aa3,Aa3,Aa2,Aa2,Aa2,Aa2,Aa2,,,,,,
196,Nahant,Moodys,,,,,,,,,,A,A,A2,A2,A2,A2,A2,A2,A2,A2,A2,A2,A2,A2,A2,Aa3,Aa3,Aa3,Aa3,Aa3,Aa3,Aa3,Aa3,Aa3,Aa3,Aa3
197,Nantucket,Moodys,,,,,,,,,,A,A,A1,A1,AA1,A1,A1,Aa3,Aa3,Aa3,Aa3,Aa3,Aa3,Aa3,Aa3,Aa2,Aa2,Aa2,Aa2,Aa2,Aa1,Aa1,Aaa,Aaa,Aaa,Aaa
198,Natick,Moodys,,,,,,,,,,AA,AA,Aa2,Aa2,Aa2,Aa2,Aa2,Aa2,Aa2,Aa2,Aa2,Aa2,Aa2,Aa2,Aa2,Aa1,Aa1,Aa1,Aa1,Aa1,,,,,,
207,Newton,Moodys,,,,,,,,,,AAA,AAA,Aaa,Aaa,Aaa,Aaa,Aaa,Aaa,Aaa,Aaa,Aaa,Aaa,Aaa,Aaa,Aaa,Aaa,Aaa,Aaa,Aaa,Aaa,Aaa,Aaa,Aaa,Aaa,Aaa,Aaa
211,North Attleborough,Moodys,,,,,,,,,,A,A1,A1,A1,A1,A1,A1,A1,A1,A1,,A1,A1,A1,A1,Aa2,Aa2,Aa2,Aa2,Aa2,Aa3,Aa3,Aa3,Aa3,Aa3,Aa3
213,North Reading,Moodys,,,,,,,,,,A1,A1,A1,A1,A1,A1,A1,A1,A1,A1,A1,A1,A1,A1,A1,Aa2,Aa2,Aa2,Aa2,Aa2,Aa2,Aa2,Aa2,Aa2,Aa2,Aa2
244,Randolph,Moodys,,,,,,,,,,A,A,A3,A3,A3,A3,A3,A3,A3,A3,A3,A3,A3,A3,A3,A1,A1,,,,,,,,,
269,Sherborn,Moodys,,,,,,,,,,AA,AA,AA,Aa2,Aa2,Aa2,Aa2,Aa2,Aa2,Aa2,Aa2,Aa2,,,Aa2,Aa1,Aa1,Aa1,Aa1,Aa1,,,,,,
277,Southborough,Moodys,,,,,,,,,,A1,A1,A1,Aa3,Aa3,Aa3,Aa3,Aa3,Aa2,Aa2,Aa2,Aa2,Aa2,Aa2,Aa2,Aa1,Aa1,Aa1,Aa1,Aa1,Aa1,Aa1,Aa1,Aa1,,
191,Monson,Moodys,,,,,,,,,,,BAA1,A3,A3,A3,A3,A3,A3,A3,A3,A3,A3,A3,A3,A3,A1,A1,A1,A1,A1,A1,A1,A1,A1,A1,
216,Northbridge,Moodys,,,,,,,,,,,BAA1,Baa1,Baa1,Baa1,Baa1,Baa1,A2,A2,A2,A2,A2,A2,A2,A2,Aa3,Aa3,Aa3,Aa3,Aa3,Aa3,Aa3,Aa3,,,
276,Southampton,Moodys,,,,,,,,,,,A,,,,A3,A3,A3,A3,A3,A3,A3,A3,A3,,A1,A1,A1,A1,A1,A1,A1,A1,A1,,
278,Southbridge,Moodys,,,,,,,,,,,A,A2,A2,A2,A2,A2,A2,A2,A2,A3,A3,A3,A3,A3,A1,A1,A1,A1,A1,A1,A1,A1,,,
39,Boylston,Moodys,,,,,,,,,,,,A2,A2,A2,A2,A2,A2,A2,A2,A2,A2,A2,A2,A2,Aa3,Aa3,Aa3,Aa3,Aa3,Aa3,Aa3,Aa3,Aa3,Aa3,Aa3
250,Rochester,Moodys,,,,,,,,,,,,A2,A2,A2,A2,A2,A2,A2,A2,A2,A2,A2,A2,A2,Aa3,Aa3,Aa3,Aa3,Aa3,Aa3,Aa3,Aa3,Aa3,Aa3,Aa3
270,Shirley,Moodys,,,,,,,,,,,,A,A3,A3,A3,A3,A3,A3,A3,A3,A3,,,A3,A1,A1,A1,A1,A1,,,,,,
321,West Boylston,Moodys,,,,,,,,,,,,A3,A3,A3,A3,A3,A2,A2,A2,A2,A2,A2,A2,A3,A1,A1,A1,A1,A1,A1,,,,,
28,Berlin,Moodys,,,,,,,,,,,,,A2,A2,A2,A2,A2,A2,A2,A2,A2,A2,A2,A2,Aa3,Aa3,Aa3,Aa3,Aa3,Aa3,Aa3,Aa3,,,
34,Bolton,Moodys,,,,,,,,,,,,,A1,A1,A1,Aa3,Aa3,Aa3,Aa3,Aa3,Aa3,Aa3,Aa3,Aa3,Aa2,Aa2,Aa2,Aa2,Aa2,Aa2,Aa2,Aa2,Aa2,,
254,Rowley,Moodys,,,,,,,,,,,,,A2,A2,A2,A1,A1,A1,A1,A1,A1,A1,A1,A1,Aa2,Aa2,Aa2,Aa2,Aa2,Aa2,Aa2,Aa2,Aa2,Aa2,Aa2
331,Westhampton,Moodys,,,,,,,,,,,,,Baa1,Baa1,Baa2,Baa2,Baa2,Baa2,Baa2,Baa2,Baa2,Baa2,Baa2,Baa1,A1,A1,A1,A1,A1,,,,,,
27,Berkley,Moodys,,,,,,,,,,,,,,A3,A3,A3,A3,Baa1,Baa1,Baa1,Baa1,A3,A3,A3,A1,A1,A2,A2,A2,A2,A2,A1,A1,A1,A1
223,Orange,Moodys,,,,,,,,,,,,,,Baa2,Baa2,Baa2,Baa2,Baa2,Baa2,Baa2,Baa2,Baa2,Baa2,Baa2,A2,A2,A3,A3,A3,,,,,,
228,Paxton,Moodys,,,,,,,,,,,,,,A2,A2,A2,A2,A2,A2,A2,A2,A2,A2,A2,Aa3,Aa3,Aa3,Aa3,Aa3,Aa3,Aa3,Aa3,Aa3,Aa3,Aa3
259,Salisbury,Moodys,,,,,,,,,,,,,,A3,A3,A3,A3,A3,A3,,A2,A2,A2,A2,Aa3,Aa3,Aa3,Aa3,Aa3,Aa3,Aa3,Aa3,Aa3,,
327,West Tisbury,Moodys,,,,,,,,,,,,,,A3,A3,A3,A3,A3,A3,A3,A3,A3,A3,A1,Aa2,Aa2,Aa2,Aa2,Aa2,,,,,,
230,Pelham,Moodys,,,,,,,,,,,,,,,Baa2,Baa2,Baa2,Baa2,Baa2,Baa2,Baa2,Baa2,Baa2,Baa2,A2,A2,,,,,,,,,
119,Hamilton,Moodys,,,,,,,,,,,,,,,,Aa3,Aa3,Aa3,Aa3,A1,A1,A1,A1,A1,Aa2,Aa2,Aa2,Aa2,Aa2,Aa2,Aa2,Aa2,,,
21,Barre,Moodys,,,,,,,,,,,,,,,,,A3,A3,A3,A3,A3,A3,A3,A3,A1,A1,A1,A1,A1,,,,,,
29,Bernardston,Moodys,,,,,,,,,,,,,,,,,Baa1,Baa1,Baa1,Baa1,Baa1,Baa1,Baa1,,,,,,,,,,,,
68,Conway,Moodys,,,,,,,,,,,,,,,,,Baa1,Baa1,Baa1,Baa1,Baa1,Baa1,Baa1,Baa1,,,,,,,,,,,
91,Erving,Moodys,,,,,,,,,,,,,,,,,Baa2,Baa2,Baa2,Baa2,Baa2,Baa2,Baa2,Baa1,A1,A1,A1,A1,A1,,,,,,
116,Groveland,Moodys,,,,,,,,,,,,,,,,,A3,A3,A3,A3,A3,A3,A3,,,,Aa3,Aa3,Aa3,Aa3,Aa3,Aa3,Aa3,Aa3,Aa2
147,Lancaster,Moodys,,,,,,,,,,,,,,,,,A2,A2,A2,A2,A3,A3,A3,A3,A1,A1,A1,A1,A1,Aa3,Aa3,Aa3,Aa3,Aa3,Aa3
148,Lanesborough,Moodys,,,,,,,,,,,,,,,,,A3,A3,A3,A3,A3,A3,A3,A3,A1,A1,A1,A1,A1,A1,A1,A1,,,
249,Richmond,Moodys,,,,,,,,,,,,,,,,,Baa1,Baa1,Baa1,Baa1,Baa1,Baa1,Baa1,Baa1,A1,A1,A1,A1,A1,,,,,,
320,Wenham,Moodys,,,,,,,,,,,,,,,,,Aa3,Aa3,Aa3,Aa3,Aa3,Aa3,Aa3,Aa3,Aa2,Aa2,Aa2,Aa2,Aa2,Aa2,,,,,
337,Whately,Moodys,,,,,,,,,,,,,,,,,,Baa2,Baa2,Baa2,Baa2,Baa2,Baa2,Baa2,A2,A2,,,,,,,,,
84,East Brookfield,Moodys,,,,,,,,,,,,,,,,,,,,,A3,A3,A3,A3,A1,A1,,,,,,,,,
349,Worthington,Moodys,,,,,,,,,,,,,,,,,,,,,A1,,,,,,,,,,,,,,
179,Mendon,Moodys,,,,,,,,,,,,,,,,,,,,,,A2,,A2,Aa3,Aa3,Aa3,Aa3,Aa3,Aa3,Aa3,,,,
11,Ashburnham,Moodys,,,,,,,,,,,,,,,,,,,,,,,,A3,A1,A1,A1,A1,A1,A1,A1,A1,A1,A1,A1
76,Dighton,Moodys,,,,,,,,,,,,,,,,,,,,,,,,,,,,,,,,Aa3,Aa3,Aa3,Aa3
